Symbol,Company Name
BRK.B,Berkshire Hathaway Inc.
BRK.A,Berkshire Hathaway Inc.
WMT,Walmart Inc.
TSM,Taiwan Semiconductor Manufacturing Company Limited
LLY,Eli Lilly and Company
JPM,JPMorgan Chase & Co.
V,Visa Inc.
MA,Mastercard Incorporated
XOM,Exxon Mobil Corporation
ORCL,Oracle Corporation
JNJ,Johnson & Johnson
PG,The Procter & Gamble Company
UNH,UnitedHealth Group Incorporated
HD,"The Home Depot, Inc."
SAP,SAP SE
ABBV,AbbVie Inc.
BAC,Bank of America Corporation
KO,The Coca-Cola Company
NVO,Novo Nordisk A/S
BABA,Alibaba Group Holding Limited
PM,Philip Morris International Inc.
CRM,"Salesforce, Inc."
TM,Toyota Motor Corporation
WFC,Wells Fargo & Company
CVX,Chevron Corporation
ABT,Abbott Laboratories
IBM,International Business Machines Corporation
MCD,McDonald's Corporation
NVS,Novartis AG
GE,General Electric Company
MRK,"Merck & Co., Inc."
NOW,"ServiceNow, Inc."
SHEL,Shell plc
T,AT&T Inc.
HSBC,HSBC Holdings plc
AXP,American Express Company
MS,Morgan Stanley
ACN,Accenture plc
VZ,Verizon Communications Inc.
UBER,"Uber Technologies, Inc."
HDB,HDFC Bank Limited
RTX,RTX Corporation
RY,Royal Bank of Canada
BX,Blackstone Inc.
DIS,The Walt Disney Company
PGR,The Progressive Corporation
GS,"The Goldman Sachs Group, Inc."
TMO,Thermo Fisher Scientific Inc.
UL,Unilever PLC
SPGI,S&P Global Inc.
CAT,Caterpillar Inc.
SONY,Sony Group Corporation
BSX,Boston Scientific Corporation
SCHW,The Charles Schwab Corporation
SYK,Stryker Corporation
TJX,"The TJX Companies, Inc."
BLK,"BlackRock, Inc."
DHR,Danaher Corporation
BA,The Boeing Company
MUFG,"Mitsubishi UFJ Financial Group, Inc."
NEE,"NextEra Energy, Inc."
PFE,Pfizer Inc.
C,Citigroup Inc.
SPOT,Spotify Technology S.A.
DE,Deere & Company
BUD,Anheuser-Busch InBev SA/NV
UNP,Union Pacific Corporation
TTE,TotalEnergies SE
LOW,"Lowe's Companies, Inc."
BHP,BHP Group Limited
IBN,ICICI Bank Limited
ETN,Eaton Corporation plc
CB,Chubb Limited
ANET,Arista Networks Inc
COP,ConocoPhillips
TD,The Toronto-Dominion Bank
MMC,"Marsh & McLennan Companies, Inc."
LMT,Lockheed Martin Corporation
GEV,GE Vernova Inc.
MDT,Medtronic plc
SAN,"Banco Santander, S.A."
AMT,American Tower Corporation
KKR,KKR & Co. Inc.
FI,"Fiserv, Inc."
RIO,Rio Tinto Group
ENB,Enbridge Inc.
BMY,Bristol-Myers Squibb Company
RELX,RELX PLC
MO,"Altria Group, Inc."
ICE,"Intercontinental Exchange, Inc."
SO,The Southern Company
PLD,"Prologis, Inc."
WELL,Welltower Inc.
APH,Amphenol Corporation
WM,"Waste Management, Inc."
DUK,Duke Energy Corporation
BTI,British American Tobacco p.l.c.
UBS,UBS Group AG
ELV,"Elevance Health, Inc."
SHW,The Sherwin-Williams Company
TT,Trane Technologies plc
MCK,McKesson Corporation
CI,The Cigna Group
BAM,Brookfield Asset Management Ltd.
SMFG,"Sumitomo Mitsui Financial Group, Inc."
CVS,CVS Health Corporation
AJG,Arthur J. Gallagher & Co.
NKE,"NIKE, Inc."
SE,Sea Limited
HCA,"HCA Healthcare, Inc."
MCO,Moody's Corporation
TDG,TransDigm Group Incorporated
BN,Brookfield Corporation
RACE,Ferrari N.V.
UPS,"United Parcel Service, Inc."
PH,Parker-Hannifin Corporation
BBVA,"Banco Bilbao Vizcaya Argentaria, S.A."
RSG,"Republic Services, Inc."
GSK,GSK plc
APO,"Apollo Global Management, Inc."
AON,Aon plc
MMM,3M Company
INFY,Infosys Limited
CL,Colgate-Palmolive Company
GD,General Dynamics Corporation
WMB,"The Williams Companies, Inc."
PBR,Petróleo Brasileiro S.A. - Petrobras
PBR.A,Petróleo Brasileiro S.A. - Petrobras
BP,BP p.l.c.
ECL,Ecolab Inc.
COF,Capital One Financial Corporation
SCCO,Southern Copper Corporation
NOC,Northrop Grumman Corporation
BMO,Bank of Montreal
ITW,Illinois Tool Works Inc.
ZTS,Zoetis Inc.
CP,Canadian Pacific Kansas City Limited
NGG,National Grid plc
CMG,"Chipotle Mexican Grill, Inc."
MSI,"Motorola Solutions, Inc."
CRH,CRH plc
DELL,Dell Technologies Inc.
PNC,"The PNC Financial Services Group, Inc."
USB,U.S. Bancorp
EPD,Enterprise Products Partners L.P.
CNI,Canadian National Railway Company
ITUB,Itaú Unibanco Holding S.A.
AZO,"AutoZone, Inc."
BNS,The Bank of Nova Scotia
EQNR,Equinor ASA
RCL,Royal Caribbean Cruises Ltd.
ING,ING Groep N.V.
DEO,Diageo plc
HWM,Howmet Aerospace Inc.
APD,"Air Products and Chemicals, Inc."
EMR,Emerson Electric Co.
CARR,Carrier Global Corporation
SPG,"Simon Property Group, Inc."
CNQ,Canadian Natural Resources Limited
TRV,"The Travelers Companies, Inc."
NU,Nu Holdings Ltd.
CM,Canadian Imperial Bank of Commerce
EOG,"EOG Resources, Inc."
MFG,"Mizuho Financial Group, Inc."
KMI,"Kinder Morgan, Inc."
BK,The Bank of New York Mellon Corporation
NEM,Newmont Corporation
JCI,Johnson Controls International plc
AFL,Aflac Incorporated
DLR,"Digital Realty Trust, Inc."
HLT,Hilton Worldwide Holdings Inc.
AEM,Agnico Eagle Mines Limited
BCS,Barclays PLC
COR,"Cencora, Inc."
SNOW,Snowflake Inc.
CVNA,Carvana Co.
ET,Energy Transfer LP
LYG,Lloyds Banking Group plc
MFC,Manulife Financial Corporation
FCX,Freeport-McMoRan Inc.
ALL,The Allstate Corporation
PSA,Public Storage
TRP,TC Energy Corporation
ARES,Ares Management Corporation
MET,"MetLife, Inc."
FDX,FedEx Corporation
LNG,"Cheniere Energy, Inc."
MPLX,MPLX LP
TFC,Truist Financial Corporation
AMX,"América Móvil, S.A.B. de C.V."
DB,Deutsche Bank Aktiengesellschaft
NWG,NatWest Group plc
GWW,"W.W. Grainger, Inc."
WCN,"Waste Connections, Inc."
FICO,Fair Isaac Corporation
O,Realty Income Corporation
NSC,Norfolk Southern Corporation
OKE,"ONEOK, Inc."
SRE,Sempra
RBLX,Roblox Corporation
ALC,Alcon Inc.
AIG,"American International Group, Inc."
BDX,"Becton, Dickinson and Company"
KR,The Kroger Co.
DFS,Discover Financial Services
PWR,"Quanta Services, Inc."
HLN,Haleon plc
VST,Vistra Corp.
CCI,Crown Castle Inc.
SLB,Schlumberger Limited
D,"Dominion Energy, Inc."
TAK,Takeda Pharmaceutical Company Limited
AMP,"Ameriprise Financial, Inc."
KVUE,Kenvue Inc.
TEL,TE Connectivity plc
MPC,Marathon Petroleum Corporation
HMC,"Honda Motor Co., Ltd."
SU,Suncor Energy Inc.
FLUT,Flutter Entertainment plc
EW,Edwards Lifesciences Corporation
PSX,Phillips 66
GM,General Motors Company
CPNG,"Coupang, Inc."
URI,"United Rentals, Inc."
KMB,Kimberly-Clark Corporation
NET,"Cloudflare, Inc."
TGT,Target Corporation
MSCI,MSCI Inc.
CTVA,"Corteva, Inc."
CMI,Cummins Inc.
E,Eni S.p.A.
FIS,"Fidelity National Information Services, Inc."
LHX,"L3Harris Technologies, Inc."
YUM,"Yum! Brands, Inc."
F,Ford Motor Company
HES,Hess Corporation
VALE,Vale S.A.
AME,"AMETEK, Inc."
ED,"Consolidated Edison, Inc."
PEG,Public Service Enterprise Group Incorporated
ABEV,Ambev S.A.
GLW,Corning Incorporated
DHI,"D.R. Horton, Inc."
VEEV,Veeva Systems Inc.
OXY,Occidental Petroleum Corporation
OTIS,Otis Worldwide Corporation
VLO,Valero Energy Corporation
PCG,PG&E Corporation
CBRE,"CBRE Group, Inc."
HEI,HEICO Corporation
WPM,Wheaton Precious Metals Corp.
PRU,"Prudential Financial, Inc."
GRMN,Garmin Ltd.
CAH,"Cardinal Health, Inc."
ETR,Entergy Corporation
VRT,Vertiv Holdings Co
HIG,"The Hartford Insurance Group, Inc."
VMC,Vulcan Materials Company
RMD,ResMed Inc.
WEC,"WEC Energy Group, Inc."
FERG,Ferguson Enterprises Inc.
TRGP,Targa Resources Corp.
SYY,Sysco Corporation
SLF,Sun Life Financial Inc.
HUBS,"HubSpot, Inc."
VICI,VICI Properties Inc.
HSY,The Hershey Company
STZ,"Constellation Brands, Inc."
FMX,"Fomento Económico Mexicano, S.A.B. de C.V."
EXR,Extra Space Storage Inc.
IT,"Gartner, Inc."
TKO,"TKO Group Holdings, Inc."
WAB,Westinghouse Air Brake Technologies Corporation
MLM,"Martin Marietta Materials, Inc."
EFX,Equifax Inc.
CHT,"Chunghwa Telecom Co., Ltd."
HEI.A,HEICO Corporation
EQT,EQT Corporation
FNV,Franco-Nevada Corporation
LYV,"Live Nation Entertainment, Inc."
GOLD,Barrick Gold Corporation
BRO,"Brown & Brown, Inc."
IR,Ingersoll Rand Inc.
HUM,Humana Inc.
A,"Agilent Technologies, Inc."
QSR,Restaurant Brands International Inc.
TPL,Texas Pacific Land Corporation
VTR,"Ventas, Inc."
WIT,Wipro Limited
GIS,"General Mills, Inc."
CNC,Centene Corporation
AVB,"AvalonBay Communities, Inc."
XYL,Xylem Inc.
DAL,"Delta Air Lines, Inc."
RJF,"Raymond James Financial, Inc."
LEN,Lennar Corporation
CQP,"Cheniere Energy Partners, L.P."
ROK,"Rockwell Automation, Inc."
LEN.B,Lennar Corporation
AWK,"American Water Works Company, Inc."
WRB,W. R. Berkley Corporation
TEF,"Telefónica, S.A."
MTB,M&T Bank Corporation
IRM,Iron Mountain Incorporated
OWL,Blue Owl Capital Inc.
K,Kellanova
DTE,DTE Energy Company
PUK,Prudential plc
XYZ,"Block, Inc."
NUE,Nucor Corporation
EQR,Equity Residential
NTR,Nutrien Ltd.
DD,"DuPont de Nemours, Inc."
ROL,"Rollins, Inc."
BR,"Broadridge Financial Solutions, Inc."
STLA,Stellantis N.V.
LVS,Las Vegas Sands Corp.
IQV,IQVIA Holdings Inc.
NOK,Nokia Oyj
AEE,Ameren Corporation
PPL,PPL Corporation
CCL,Carnival Corporation & plc
STT,State Street Corporation
GDDY,GoDaddy Inc.
KEYS,"Keysight Technologies, Inc."
ATO,Atmos Energy Corporation
CUK,Carnival Corporation & plc
CNP,"CenterPoint Energy, Inc."
PPG,"PPG Industries, Inc."
BEKE,KE Holdings Inc.
FE,FirstEnergy Corp.
HPQ,HP Inc.
KB,KB Financial Group Inc.
FTS,Fortis Inc.
WDS,Woodside Energy Group Ltd
RKT,"Rocket Companies, Inc."
IOT,Samsara Inc.
BBD,Banco Bradesco S.A.
BBDO,Banco Bradesco S.A.
DOV,Dover Corporation
DRI,"Darden Restaurants, Inc."
PHG,Koninklijke Philips N.V.
MKL,Markel Group Inc.
VLTO,Veralto Corporation
TYL,"Tyler Technologies, Inc."
MT,ArcelorMittal S.A.
IP,International Paper Company
CPAY,"Corpay, Inc."
GIB,CGI Inc.
FTV,Fortive Corporation
NRG,"NRG Energy, Inc."
CHD,"Church & Dwight Co., Inc."
ADM,Archer-Daniels-Midland Company
MTD,Mettler-Toledo International Inc.
TU,TELUS Corporation
PBA,Pembina Pipeline Corporation
IX,ORIX Corporation
TDY,Teledyne Technologies Incorporated
TME,Tencent Music Entertainment Group
HPE,Hewlett Packard Enterprise Company
STE,STERIS plc
CVE,Cenovus Energy Inc.
CMS,CMS Energy Corporation
RDDT,"Reddit, Inc."
INVH,Invitation Homes Inc.
ES,Eversource Energy
EIX,Edison International
AU,AngloGold Ashanti plc
NVR,"NVR, Inc."
TOST,"Toast, Inc."
PHM,"PulteGroup, Inc."
VG,"Venture Global, Inc."
WAT,Waters Corporation
STM,STMicroelectronics N.V.
EL,The Estée Lauder Companies Inc.
LH,Labcorp Holdings Inc.
SYF,Synchrony Financial
DOW,Dow Inc.
SW,Smurfit Westrock Plc
UI,Ubiquiti Inc.
CCJ,Cameco Corporation
MKC.V,"McCormick & Company, Incorporated"
DG,Dollar General Corporation
MKC,"McCormick & Company, Incorporated"
IFF,International Flavors & Fragrances Inc.
LII,Lennox International Inc.
MAA,"Mid-America Apartment Communities, Inc."
TSN,"Tyson Foods, Inc."
DGX,Quest Diagnostics Incorporated
DVN,Devon Energy Corporation
BCE,BCE Inc.
GPN,Global Payments Inc.
EME,"EMCOR Group, Inc."
KOF,"Coca-Cola FEMSA, S.A.B. de C.V."
WSM,"Williams-Sonoma, Inc."
CTRA,Coterra Energy Inc.
ESS,"Essex Property Trust, Inc."
GFI,Gold Fields Limited
RF,Regions Financial Corporation
BSBR,Banco Santander (Brasil) S.A.
HUBB,Hubbell Incorporated
LDOS,"Leidos Holdings, Inc."
AER,AerCap Holdings N.V.
VIK,Viking Holdings Ltd
RBA,"RB Global, Inc."
WY,Weyerhaeuser Company
ASX,"ASE Technology Holding Co., Ltd."
XPEV,XPeng Inc.
TEVA,Teva Pharmaceutical Industries Limited
GFL,GFL Environmental Inc.
NI,NiSource Inc.
PINS,"Pinterest, Inc."
UMC,United Microelectronics Corporation
LYB,LyondellBasell Industries N.V.
ZBH,"Zimmer Biomet Holdings, Inc."
L,Loews Corporation
DECK,Deckers Outdoor Corporation
SHG,"Shinhan Financial Group Co., Ltd."
TS,Tenaris S.A.
FNF,"Fidelity National Financial, Inc."
WSO,"Watsco, Inc."
GWRE,"Guidewire Software, Inc."
WSO.B,"Watsco, Inc."
TECK,Teck Resources Limited
KEY,KeyCorp
HAL,Halliburton Company
IHG,InterContinental Hotels Group PLC
LUV,Southwest Airlines Co.
MOH,"Molina Healthcare, Inc."
KGC,Kinross Gold Corporation
SUI,"Sun Communities, Inc."
CRBG,"Corebridge Financial, Inc."
CLX,The Clorox Company
CFG,"Citizens Financial Group, Inc."
EC,Ecopetrol S.A.
CSL,Carlisle Companies Incorporated
TRU,TransUnion
FDS,FactSet Research Systems Inc.
SNA,Snap-on Incorporated
GPC,Genuine Parts Company
AMH,American Homes 4 Rent
BF.B,Brown-Forman Corporation
PKG,Packaging Corporation of America
BF.A,Brown-Forman Corporation
YUMC,"Yum China Holdings, Inc."
NMR,"Nomura Holdings, Inc."
JBL,Jabil Inc.
TLK,Perusahaan Perseroan (Persero) PT Telekomunikasi Indonesia Tbk
BAP,Credicorp Ltd.
TWLO,Twilio Inc.
HRL,Hormel Foods Corporation
BAX,Baxter International Inc.
ONON,On Holding AG
UDR,"UDR, Inc."
USFD,US Foods Holding Corp.
VIV,Telefônica Brasil S.A.
BJ,"BJ's Wholesale Club Holdings, Inc."
CHWY,"Chewy, Inc."
CNH,CNH Industrial N.V.
RS,"Reliance, Inc."
PSTG,"Pure Storage, Inc."
J,Jacobs Solutions Inc.
EXPD,"Expeditors International of Washington, Inc."
DKS,"DICK'S Sporting Goods, Inc."
PNR,Pentair plc
EQH,"Equitable Holdings, Inc."
FIX,"Comfort Systems USA, Inc."
TPR,"Tapestry, Inc."
WST,"West Pharmaceutical Services, Inc."
BAH,Booz Allen Hamilton Holding Corporation
BEP,Brookfield Renewable Partners L.P.
OMC,Omnicom Group Inc.
FMS,Fresenius Medical Care AG
ZTO,ZTO Express (Cayman) Inc.
BCH,Banco de Chile
BURL,"Burlington Stores, Inc."
EG,"Everest Group, Ltd."
RL,Ralph Lauren Corporation
PKX,POSCO Holdings Inc.
BALL,Ball Corporation
BBY,"Best Buy Co., Inc."
DT,"Dynatrace, Inc."
BIP,Brookfield Infrastructure Partners L.P.
SNAP,Snap Inc.
RBRK,"Rubrik, Inc."
AS,"Amer Sports, Inc."
RPM,RPM International Inc.
KIM,Kimco Realty Corporation
EBR,Centrais Elétricas Brasileiras S.A. - Eletrobrás
RCI,Rogers Communications Inc.
THC,Tenet Healthcare Corporation
GGG,Graco Inc.
SBS,Companhia de Saneamento Básico do Estado de São Paulo - SABESP
UNM,Unum Group
IEX,IDEX Corporation
WES,"Western Midstream Partners, LP"
ACM,AECOM
WPC,W. P. Carey Inc.
BNT,Brookfield Wealth Solutions Ltd.
CF,"CF Industries Holdings, Inc."
AMCR,Amcor plc
BNT,Brookfield Wealth Solutions Ltd.
AVY,Avery Dennison Corporation
RGA,"Reinsurance Group of America, Incorporated"
CNA,CNA Financial Corporation
MAS,Masco Corporation
ELS,"Equity LifeStyle Properties, Inc."
XPO,"XPO, Inc."
SGI,Somnigroup International Inc.
CPT,Camden Property Trust
PFGC,Performance Food Group Company
PAYC,"Paycom Software, Inc."
APTV,Aptiv PLC
TXT,Textron Inc.
ARE,"Alexandria Real Estate Equities, Inc."
PRMB,Primo Brands Corporation
BLDR,"Builders FirstSource, Inc."
UHAL,U-Haul Holding Company
SNN,Smith & Nephew plc
DOC,"Healthpeak Properties, Inc."
ACI,"Albertsons Companies, Inc."
OC,Owens Corning
YMM,Full Truck Alliance Co. Ltd.
FTI,TechnipFMC plc
JNPR,"Juniper Networks, Inc."
ALLE,Allegion plc
SJM,The J. M. Smucker Company
RTO,Rentokil Initial plc
ULS,UL Solutions Inc.
YPF,YPF Sociedad Anónima
RNR,RenaissanceRe Holdings Ltd.
CLH,"Clean Harbors, Inc."
EHC,Encompass Health Corporation
GME,GameStop Corp.
APG,APi Group Corporation
H,Hyatt Hotels Corporation
UHS,"Universal Health Services, Inc."
KEP,Korea Electric Power Corporation
TAP,Molson Coors Beverage Company
TAP.A,Molson Coors Beverage Company
SN,"SharkNinja, Inc."
SOLV,Solventum Corporation
HLI,"Houlihan Lokey, Inc."
UHAL.B,U-Haul Holding Company
RDY,Dr. Reddy's Laboratories Limited
BXP,"BXP, Inc."
BROS,Dutch Bros Inc.
PEN,"Penumbra, Inc."
BSAC,Banco Santander-Chile
ITT,ITT Inc.
WTRG,"Essential Utilities, Inc."
CAG,"Conagra Brands, Inc."
CAVA,"CAVA Group, Inc."
RVTY,"Revvity, Inc."
CCK,"Crown Holdings, Inc."
MTZ,"MasTec, Inc."
PNW,Pinnacle West Capital Corporation
JLL,Jones Lang LaSalle Incorporated
DOCS,"Doximity, Inc."
NLY,"Annaly Capital Management, Inc."
COHR,Coherent Corp.
SUZ,Suzano S.A.
AR,Antero Resources Corporation
DVA,DaVita Inc.
OHI,"Omega Healthcare Investors, Inc."
AFG,"American Financial Group, Inc."
CLS,Celestica Inc.
RBC,RBC Bearings Incorporated
SCI,Service Corporation International
KNSL,"Kinsale Capital Group, Inc."
CNM,"Core & Main, Inc."
CIB,Bancolombia S.A.
CRS,Carpenter Technology Corporation
BG,Bunge Global SA
BEN,"Franklin Resources, Inc."
STN,Stantec Inc.
TOL,"Toll Brothers, Inc."
AEG,Aegon Ltd.
AGI,Alamos Gold Inc.
PSO,Pearson plc
PAG,"Penske Automotive Group, Inc."
CIEN,Ciena Corporation
JHX,James Hardie Industries plc
BWXT,"BWX Technologies, Inc."
PAC,"Grupo Aeroportuario del Pacífico, S.A.B. de C.V."
ALLY,Ally Financial Inc.
DTM,"DT Midstream, Inc."
KMX,"CarMax, Inc."
JEF,Jefferies Financial Group Inc.
CACI,CACI International Inc
BRBR,"BellRing Brands, Inc."
GL,Globe Life Inc.
NVT,nVent Electric plc
WLK,Westlake Corporation
MUSA,Murphy USA Inc.
ATR,"AptarGroup, Inc."
AIZ,"Assurant, Inc."
BIRK,Birkenstock Holding plc
CUBE,CubeSmart
X,United States Steel Corporation
LTM,LATAM Airlines Group S.A.
MOS,The Mosaic Company
AOS,A. O. Smith Corporation
PCOR,"Procore Technologies, Inc."
SQM,Sociedad Química y Minera de Chile S.A.
FHN,First Horizon Corporation
CR,Crane Company
SNX,TD SYNNEX Corporation
PR,Permian Resources Corporation
GMED,"Globus Medical, Inc."
HMY,Harmony Gold Mining Company Limited
ATI,ATI Inc.
IPG,"The Interpublic Group of Companies, Inc."
HIMS,"Hims & Hers Health, Inc."
DAY,Dayforce Inc.
WF,Woori Financial Group Inc.
KT,KT Corporation
ASR,"Grupo Aeroportuario del Sureste, S. A. B. de C. V."
ORI,Old Republic International Corporation
QGEN,Qiagen N.V.
SARO,"StandardAero, Inc."
MGA,Magna International Inc.
SWK,"Stanley Black & Decker, Inc."
BEPC,Brookfield Renewable Corporation
SF,Stifel Financial Corp.
SKX,"Skechers U.S.A., Inc."
EPAM,"EPAM Systems, Inc."
SSB,SouthState Corporation
HII,"Huntington Ingalls Industries, Inc."
LOAR,Loar Holdings Inc.
OGE,OGE Energy Corp.
OVV,Ovintiv Inc.
ARMK,Aramark
U,Unity Software Inc.
WMS,"Advanced Drainage Systems, Inc."
EMN,Eastman Chemical Company
EVR,Evercore Inc.
CX,"CEMEX, S.A.B. de C.V."
NIO,NIO Inc.
ICL,ICL Group Ltd
MGM,MGM Resorts International
EGP,"EastGroup Properties, Inc."
KVYO,"Klaviyo, Inc."
PRI,"Primerica, Inc."
G,Genpact Limited
ESTC,Elastic N.V.
BLD,TopBuild Corp.
AVTR,"Avantor, Inc."
GAP,"The Gap, Inc."
ERJ,Embraer S.A.
HESM,Hess Midstream LP
RYAN,"Ryan Specialty Holdings, Inc."
INGR,Ingredion Incorporated
AIT,"Applied Industrial Technologies, Inc."
NYT,The New York Times Company
PAAS,Pan American Silver Corp.
WBS,Webster Financial Corporation
ADC,Agree Realty Corporation
CHE,Chemed Corporation
WPP,WPP plc
AM,Antero Midstream Corporation
MLI,"Mueller Industries, Inc."
PLNT,"Planet Fitness, Inc."
RRC,Range Resources Corporation
ALSN,"Allison Transmission Holdings, Inc."
REXR,"Rexford Industrial Realty, Inc."
HRB,"H&R Block, Inc."
CAE,CAE Inc.
FRT,Federal Realty Investment Trust
SKM,"SK Telecom Co., Ltd."
EDU,New Oriental Education & Technology Group Inc.
CFR,"Cullen/Frost Bankers, Inc."
FND,"Floor & Decor Holdings, Inc."
DCI,"Donaldson Company, Inc."
WAL,Western Alliance Bancorporation
TIMB,TIM S.A.
WCC,"WESCO International, Inc."
NNN,"NNN REIT, Inc."
EXP,Eagle Materials Inc.
FN,Fabrinet
NCLH,Norwegian Cruise Line Holdings Ltd.
AXS,AXIS Capital Holdings Limited
KD,"Kyndryl Holdings, Inc."
AYI,Acuity Inc.
BRX,Brixmor Property Group Inc.
LAD,"Lithia Motors, Inc."
UWMC,UWM Holdings Corporation
VNO,Vornado Realty Trust
ESAB,ESAB Corporation
CMA,Comerica Incorporated
SUN,Sunoco LP
NFG,National Fuel Gas Company
RRX,Regal Rexnord Corporation
ALV,"Autoliv, Inc."
FOUR,"Shift4 Payments, Inc."
VIPS,Vipshop Holdings Limited
BFAM,Bright Horizons Family Solutions Inc.
AXTA,Axalta Coating Systems Ltd.
AGCO,AGCO Corporation
LW,"Lamb Weston Holdings, Inc."
UGI,UGI Corporation
IONQ,"IonQ, Inc."
AZEK,The AZEK Company Inc.
DLB,"Dolby Laboratories, Inc."
GIL,Gildan Activewear Inc.
AES,The AES Corporation
LTH,"Life Time Group Holdings, Inc."
TTC,The Toro Company
OBDC,Blue Owl Capital Corporation
WTS,"Watts Water Technologies, Inc."
GTLS,"Chart Industries, Inc."
LRN,"Stride, Inc."
GNRC,Generac Holdings Inc.
TFII,TFI International Inc.
ALB,Albemarle Corporation
RLI,RLI Corp.
ADT,ADT Inc.
KNX,Knight-Swift Transportation Holdings Inc.
SPXC,"SPX Technologies, Inc."
PB,"Prosperity Bancshares, Inc."
BXSL,Blackstone Secured Lending Fund
KBR,"KBR, Inc."
BMI,"Badger Meter, Inc."
GPK,Graphic Packaging Holding Company
AN,"AutoNation, Inc."
FBIN,"Fortune Brands Innovations, Inc."
FR,"First Industrial Realty Trust, Inc."
SSD,"Simpson Manufacturing Co., Inc."
AWI,"Armstrong World Industries, Inc."
PSN,Parsons Corporation
WH,"Wyndham Hotels & Resorts, Inc."
PATH,UiPath Inc.
TREX,"Trex Company, Inc."
CWAN,"Clearwater Analytics Holdings, Inc."
AA,Alcoa Corporation
BIO,"Bio-Rad Laboratories, Inc."
BBWI,"Bath & Body Works, Inc."
BWA,BorgWarner Inc.
LEVI,Levi Strauss & Co.
STWD,"Starwood Property Trust, Inc."
IVZ,Invesco Ltd.
KNTK,Kinetik Holdings Inc.
MHK,"Mohawk Industries, Inc."
BIO.B,"Bio-Rad Laboratories, Inc."
BRFS,BRF S.A.
POST,"Post Holdings, Inc."
STAG,"STAG Industrial, Inc."
SNV,Synovus Financial Corp.
FAF,First American Financial Corporation
EPRT,"Essential Properties Realty Trust, Inc."
IDA,"IDACORP, Inc."
S,"SentinelOne, Inc."
QXO,"QXO, Inc."
FLS,Flowserve Corporation
MTG,MGIC Investment Corporation
LPX,Louisiana-Pacific Corporation
CRK,"Comstock Resources, Inc."
VMI,"Valmont Industries, Inc."
DINO,HF Sinclair Corporation
MSA,MSA Safety Incorporated
THG,"The Hanover Insurance Group, Inc."
ONTO,Onto Innovation Inc.
ESNT,Essent Group Ltd.
ARW,"Arrow Electronics, Inc."
STVN,Stevanato Group S.p.A.
ALK,"Alaska Air Group, Inc."
RITM,Rithm Capital Corp.
R,"Ryder System, Inc."
CHH,"Choice Hotels International, Inc."
CIG,Companhia Energética de Minas Gerais - CEMIG
CIG.C,Companhia Energética de Minas Gerais - CEMIG
TMHC,Taylor Morrison Home Corporation
NEU,NewMarket Corporation
ELP,Companhia Paranaense de Energia - COPEL
ELPC,Companhia Paranaense de Energia - COPEL
KEX,Kirby Corporation
WFG,West Fraser Timber Co. Ltd.
PJT,PJT Partners Inc.
ZWS,Zurn Elkay Water Solutions Corporation
TRNO,Terreno Realty Corporation
LB,LandBridge Company LLC
VOYA,"Voya Financial, Inc."
JXN,Jackson Financial Inc.
OMF,"OneMain Holdings, Inc."
FLR,Fluor Corporation
SLGN,Silgan Holdings Inc.
CRL,"Charles River Laboratories International, Inc."
TX,Ternium S.A.
OSK,Oshkosh Corporation
INFA,Informatica Inc.
EAT,"Brinker International, Inc."
BYD,Boyd Gaming Corporation
BMA,Banco Macro S.A.
LNC,Lincoln National Corporation
HOMB,"Home Bancshares, Inc. (Conway, AR)"
MNSO,MINISO Group Holding Limited
RHP,"Ryman Hospitality Properties, Inc."
FCN,"FTI Consulting, Inc."
CADE,Cadence Bank
DDS,"Dillard's, Inc."
JHG,Janus Henderson Group plc
MOG.A,Moog Inc.
ZK,ZEEKR Intelligent Technology Holding Limited
MOG.B,Moog Inc.
TFX,Teleflex Incorporated
FSK,FS KKR Capital Corp.
SITE,"SiteOne Landscape Supply, Inc."
CTRE,"CareTrust REIT, Inc."
KNF,Knife River Corporation
JBTM,JBT Marel Corporation
COLD,"Americold Realty Trust, Inc."
TAL,TAL Education Group
AL,Air Lease Corporation
KRMN,Karman Holdings Inc.
CWEN.A,"Clearway Energy, Inc."
HR,Healthcare Realty Trust Incorporated
GGB,Gerdau S.A.
AMTM,"Amentum Holdings, Inc."
GATX,GATX Corporation
FSS,Federal Signal Corporation
SOBO,South Bow Corporation
GLOB,Globant S.A.
SWX,"Southwest Gas Holdings, Inc."
AHR,"American Healthcare REIT, Inc."
MTN,"Vail Resorts, Inc."
CMC,Commercial Metals Company
JOBY,"Joby Aviation, Inc."
DY,"Dycom Industries, Inc."
GPI,"Group 1 Automotive, Inc."
GTES,Gates Industrial Corporation plc
DAR,Darling Ingredients Inc.
SKY,"Champion Homes, Inc."
QTWO,"Q2 Holdings, Inc."
PFSI,"PennyMac Financial Services, Inc."
USM,United States Cellular Corporation
ESI,Element Solutions Inc
TKC,Turkcell Iletisim Hizmetleri A.S.
CE,Celanese Corporation
AMG,"Affiliated Managers Group, Inc."
PHI,PLDT Inc.
FLG,"Flagstar Financial, Inc."
VNT,Vontier Corporation
KRG,Kite Realty Group Trust
MTDR,Matador Resources Company
FNB,F.N.B. Corporation
MTH,Meritage Homes Corporation
NJR,New Jersey Resources Corporation
VFC,V.F. Corporation
GKOS,Glaukos Corporation
ENIC,Enel Chile S.A.
TXNM,"TXNM Energy, Inc."
SMR,NuScale Power Corporation
NSA,National Storage Affiliates Trust
FG,"F&G Annuities & Life, Inc."
ACHR,Archer Aviation Inc.
ELAN,Elanco Animal Health Incorporated
GBCI,"Glacier Bancorp, Inc."
BBU,Brookfield Business Partners L.P.
GRND,Grindr Inc.
MOD,Modine Manufacturing Company
TKR,The Timken Company
MAIN,Main Street Capital Corporation
LEA,Lear Corporation
CUZ,Cousins Properties Incorporated
IBP,"Installed Building Products, Inc."
IRT,"Independence Realty Trust, Inc."
OGS,"ONE Gas, Inc."
INSP,"Inspire Medical Systems, Inc."
BILL,"BILL Holdings, Inc."
VIST,"Vista Energy, S.A.B. de C.V."
POR,Portland General Electric Company
FMC,FMC Corporation
NOV,NOV Inc.
RDN,Radian Group Inc.
AB,AllianceBernstein Holding L.P.
BIPC,Brookfield Infrastructure Corporation
WTM,"White Mountains Insurance Group, Ltd."
COTY,Coty Inc.
RHI,Robert Half Inc.
AGO,Assured Guaranty Ltd.
MSGS,Madison Square Garden Sports Corp.
SR,Spire Inc.
BOX,"Box, Inc."
GXO,"GXO Logistics, Inc."
SON,Sonoco Products Company
CNX,CNX Resources Corporation
VVV,Valvoline Inc.
BKH,Black Hills Corporation
SGHC,Super Group (SGHC) Limited
PIPR,Piper Sandler Companies
ABG,"Asbury Automotive Group, Inc."
GEO,"The GEO Group, Inc."
CLF,Cleveland-Cliffs Inc.
MSM,"MSC Industrial Direct Co., Inc."
INGM,Ingram Micro Holding Corporation
MC,Moelis & Company
ITGR,Integer Holdings Corporation
OR,Osisko Gold Royalties Ltd
MRP,"Millrose Properties, Inc."
ORA,"Ormat Technologies, Inc."
PAY,"Paymentus Holdings, Inc."
WHR,Whirlpool Corporation
MWA,"Mueller Water Products, Inc."
ATGE,Adtalem Global Education Inc.
WEX,WEX Inc.
AROC,"Archrock, Inc."
ESE,ESCO Technologies Inc.
TEO,Telecom Argentina S.A.
SPR,"Spirit AeroSystems Holdings, Inc."
CBT,Cabot Corporation
AUB,Atlantic Union Bankshares Corporation
TFPM,Triple Flag Precious Metals Corp.
BBAR,Banco BBVA Argentina S.A.
SLG,SL Green Realty Corp.
SHAK,Shake Shack Inc.
ABCB,Ameris Bancorp
LUMN,"Lumen Technologies, Inc."
MP,MP Materials Corp.
PBH,Prestige Consumer Healthcare Inc.
AQN,Algonquin Power & Utilities Corp.
BDC,Belden Inc.
GHC,Graham Holdings Company
ACA,"Arcosa, Inc."
COMP,"Compass, Inc."
SEE,Sealed Air Corporation
SFBS,"ServisFirst Bancshares, Inc."
SNDR,"Schneider National, Inc."
JWN,"Nordstrom, Inc."
HXL,Hexcel Corporation
MGY,Magnolia Oil & Gas Corporation
DNB,"Dun & Bradstreet Holdings, Inc."
FRO,Frontline plc
SXT,Sensient Technologies Corporation
BLCO,Bausch + Lomb Corporation
MAC,The Macerich Company
THO,"THOR Industries, Inc."
GOLF,Acushnet Holdings Corp.
CNS,"Cohen & Steers, Inc."
W,Wayfair Inc.
BCO,The Brink's Company
CPA,"Copa Holdings, S.A."
KBH,KB Home
CNR,"Core Natural Resources, Inc."
PAM,Pampa Energía S.A.
TNET,"TriNet Group, Inc."
KMPR,Kemper Corporation
NNI,"Nelnet, Inc."
BE,Bloom Energy Corporation
TGS,Transportadora de Gas del Sur S.A.
IFS,Intercorp Financial Services Inc.
CBZ,"CBIZ, Inc."
LAZ,"Lazard, Inc."
ELF,"e.l.f. Beauty, Inc."
IAG,IAMGOLD Corporation
AX,"Axos Financial, Inc."
KRC,Kilroy Realty Corporation
EPR,EPR Properties
PVH,PVH Corp.
ALE,"ALLETE, Inc."
CNO,"CNO Financial Group, Inc."
ASB,Associated Banc-Corp
BVN,Compañía de Minas Buenaventura S.A.A.
ASAN,"Asana, Inc."
MMS,"Maximus, Inc."
EGO,Eldorado Gold Corporation
RYN,Rayonier Inc.
WK,Workiva Inc.
TDS,"Telephone and Data Systems, Inc."
FLO,"Flowers Foods, Inc."
MATX,"Matson, Inc."
PRIM,Primoris Services Corporation
BCC,Boise Cascade Company
GVA,Granite Construction Incorporated
VRN,Veren Inc.
ENS,EnerSys
FUN,Six Flags Entertainment Corporation
RH,RH
MDU,"MDU Resources Group, Inc."
HGV,Hilton Grand Vacations Inc.
DNP,DNP Select Income Fund Inc.
AKO.A,Embotelladora Andina S.A.
AKO.B,Embotelladora Andina S.A.
NE,Noble Corporation plc
OKLO,Oklo Inc.
TBBB,BBB Foods Inc.
KTB,"Kontoor Brands, Inc."
NHI,"National Health Investors, Inc."
TGLS,Tecnoglass Inc.
SKT,Tanger Inc.
KAI,Kadant Inc.
HHH,Howard Hughes Holdings Inc.
BOOT,"Boot Barn Holdings, Inc."
CDE,"Coeur Mining, Inc."
MIR,"Mirion Technologies, Inc."
UCB,"United Community Banks, Inc."
BRC,Brady Corporation
PRGO,Perrigo Company plc
GFF,Griffon Corporation
IGT,International Game Technology PLC
UGP,Ultrapar Participações S.A.
AVA,Avista Corporation
ANF,Abercrombie & Fitch Co.
UNF,UniFirst Corporation
CWEN,"Clearway Energy, Inc."
CNK,"Cinemark Holdings, Inc."
YOU,"Clear Secure, Inc."
M,"Macy's, Inc."
ST,Sensata Technologies Holding plc
FBP,First BanCorp.
NPO,Enpro Inc.
HRI,Herc Holdings Inc.
KFY,Korn Ferry
GPOR,Gulfport Energy Corporation
OSCR,"Oscar Health, Inc."
GBTG,"Global Business Travel Group, Inc."
HIW,"Highwoods Properties, Inc."
SBSW,Sibanye Stillwater Limited
WU,The Western Union Company
WHD,"Cactus, Inc."
APAM,Artisan Partners Asset Management Inc.
SMG,The Scotts Miracle-Gro Company
ATHM,Autohome Inc.
MCY,Mercury General Corporation
BXMT,"Blackstone Mortgage Trust, Inc."
CRC,California Resources Corporation
BNL,"Broadstone Net Lease, Inc."
ZETA,Zeta Global Holdings Corp.
HAE,Haemonetics Corporation
FHI,"Federated Hermes, Inc."
TNL,Travel + Leisure Co.
AVAL,Grupo Aval Acciones y Valores S.A.
AVNT,Avient Corporation
CAAP,Corporación América Airports S.A.
MPW,"Medical Properties Trust, Inc."
ABM,ABM Industries Incorporated
BC,Brunswick Corporation
NOMD,Nomad Foods Limited
HASI,"HA Sustainable Infrastructure Capital, Inc."
HGTY,"Hagerty, Inc."
AWR,American States Water Company
DOCN,"DigitalOcean Holdings, Inc."
CPK,Chesapeake Utilities Corporation
KGS,"Kodiak Gas Services, Inc."
ATMU,Atmus Filtration Technologies Inc.
CDP,COPT Defense Properties
BSM,"Black Stone Minerals, L.P."
HTGC,"Hercules Capital, Inc."
HAYW,"Hayward Holdings, Inc."
NXE,NexGen Energy Ltd.
BUR,Burford Capital Limited
CBU,"Community Financial System, Inc."
MUR,Murphy Oil Corporation
LPL,"LG Display Co., Ltd."
MHO,"M/I Homes, Inc."
NMAX,Newsmax Inc.
HBM,Hudbay Minerals Inc.
HOG,"Harley-Davidson, Inc."
CLVT,Clarivate Plc
SPNT,SiriusPoint Ltd.
AI,"C3.ai, Inc."
FUL,H.B. Fuller Company
DEI,"Douglas Emmett, Inc."
CWT,California Water Service Group
DXC,DXC Technology Company
HL,Hecla Mining Company
GNW,"Genworth Financial, Inc."
EE,"Excelerate Energy, Inc."
PAGS,PagSeguro Digital Ltd.
GMS,GMS Inc.
TPH,"Tri Pointe Homes, Inc."
CCU,Compañía Cervecerías Unidas S.A.
AG,First Majestic Silver Corp.
NVST,Envista Holdings Corporation
USAC,"USA Compression Partners, LP"
ALIT,"Alight, Inc."
FCPT,"Four Corners Property Trust, Inc."
CON,"Concentra Group Holdings Parent, Inc."
CXT,"Crane NXT, Co."
APLE,"Apple Hospitality REIT, Inc."
TAC,TransAlta Corporation
WOR,"Worthington Enterprises, Inc."
BOH,Bank of Hawaii Corporation
CALX,"Calix, Inc."
AZZ,AZZ Inc.
RSI,"Rush Street Interactive, Inc."
TEX,Terex Corporation
TGNA,TEGNA Inc.
SIG,Signet Jewelers Limited
SAM,"The Boston Beer Company, Inc."
GEF.B,"Greif, Inc."
AKR,Acadia Realty Trust
CSAN,Cosan S.A.
REZI,"Resideo Technologies, Inc."
GRBK,"Green Brick Partners, Inc."
OUT,OUTFRONT Media Inc.
STR,Sitio Royalties Corp.
GENI,Genius Sports Limited
ACVA,ACV Auctions Inc.
WNS,WNS (Holdings) Limited
VAL,Valaris Limited
GEF,"Greif, Inc."
UAA,"Under Armour, Inc."
JOE,The St. Joe Company
CIVI,"Civitas Resources, Inc."
BKU,"BankUnited, Inc."
LU,Lufax Holding Ltd
PRKS,United Parks & Resorts Inc.
ATS,ATS Corporation
CXW,"CoreCivic, Inc."
UA,"Under Armour, Inc."
WD,"Walker & Dunlop, Inc."
NSP,"Insperity, Inc."
UTF,"Cohen & Steers Infrastructure Fund, Inc"
CURB,Curbline Properties Corp.
UE,Urban Edge Properties
HCC,"Warrior Met Coal, Inc."
SM,SM Energy Company
OLN,Olin Corporation
TR,"Tootsie Roll Industries, Inc."
SLVM,Sylvamo Corporation
PAR,PAR Technology Corporation
SAND,Sandstorm Gold Ltd.
TTAM,Titan America SA
LXP,LXP Industrial Trust
NOG,"Northern Oil and Gas, Inc."
WLY,"John Wiley & Sons, Inc."
YETI,"YETI Holdings, Inc."
SG,"Sweetgreen, Inc."
ENVA,"Enova International, Inc."
WLYB,"John Wiley & Sons, Inc."
RXO,"RXO, Inc."
WMK,"Weis Markets, Inc."
MANU,Manchester United plc
RNG,"RingCentral, Inc."
BHVN,Biohaven Ltd.
ECG,"Everus Construction Group, Inc."
HAFN,Hafnia Limited
CWK,Cushman & Wakefield plc
ATKR,Atkore Inc.
ASGN,ASGN Incorporated
BFH,"Bread Financial Holdings, Inc."
BANC,"Banc of California, Inc."
YELP,Yelp Inc.
EPAC,Enerpac Tool Group Corp.
OGN,Organon & Co.
AGX,"Argan, Inc."
RLX,RLX Technology Inc.
ASH,Ashland Inc.
PFS,"Provident Financial Services, Inc."
VTMX,"Corporación Inmobiliaria Vesta, S.A.B. de C.V."
LMND,"Lemonade, Inc."
SSL,Sasol Limited
EVTC,"EVERTEC, Inc."
SID,Companhia Siderúrgica Nacional
DV,"DoubleVerify Holdings, Inc."
IVT,InvenTrust Properties Corp.
QS,QuantumScape Corporation
DAN,Dana Incorporated
SAH,"Sonic Automotive, Inc."
DFH,"Dream Finders Homes, Inc."
ABR,"Arbor Realty Trust, Inc."
RNST,Renasant Corporation
TDC,Teradata Corporation
CRGY,Crescent Energy Company
NATL,NCR Atleos Corporation
QBTS,D-Wave Quantum Inc.
AMBP,Ardagh Metal Packaging S.A.
PBF,PBF Energy Inc.
FINV,FinVolution Group
DKL,"Delek Logistics Partners, LP"
ALG,Alamo Group Inc.
RIG,Transocean Ltd.
FBK,FB Financial Corporation
GB,Global Blue Group Holding AG
SMA,"SmartStop Self Storage REIT, Inc."
WRBY,Warby Parker Inc.
CVI,"CVR Energy, Inc."
BB,BlackBerry Limited
OI,"O-I Glass, Inc."
HUN,Huntsman Corporation
VAC,Marriott Vacations Worldwide Corporation
PK,Park Hotels & Resorts Inc.
HNI,HNI Corporation
KAR,"OPENLANE, Inc."
ESRT,"Empire State Realty Trust, Inc."
TRN,"Trinity Industries, Inc."
LCII,LCI Industries
ZGN,Ermenegildo Zegna N.V.
AIR,AAR Corp.
LGF.A,Lions Gate Entertainment Corp.
CXM,"Sprinklr, Inc."
BBUC,Brookfield Business Corporation
HP,"Helmerich & Payne, Inc."
TGI,"Triumph Group, Inc."
LGF.B,Lions Gate Entertainment Corp.
CMBT,Cmb.Tech NV
ENOV,Enovis Corporation
MAN,ManpowerGroup Inc.
TSLX,"Sixth Street Specialty Lending, Inc."
AAP,"Advance Auto Parts, Inc."
TDW,Tidewater Inc.
AGM,Federal Agricultural Mortgage Corporation
HTH,Hilltop Holdings Inc.
FLOC,Flowco Holdings Inc.
AEO,"American Eagle Outfitters, Inc."
AIN,Albany International Corp.
BHC,Bausch Health Companies Inc.
SEM,Select Medical Holdings Corporation
PII,Polaris Inc.
STNG,Scorpio Tankers Inc.
HG,"Hamilton Insurance Group, Ltd."
CDLR,Cadeler A/S
LBRT,Liberty Energy Inc.
AGM.A,Federal Agricultural Mortgage Corporation
ARDT,"Ardent Health Partners, Inc."
OFG,OFG Bancorp
OII,"Oceaneering International, Inc."
SXI,Standex International Corporation
FIHL,Fidelis Insurance Holdings Limited
ENR,"Energizer Holdings, Inc."
VSH,"Vishay Intertechnology, Inc."
STC,Stewart Information Services Corporation
NIC,"Nicolet Bankshares, Inc."
REVG,"REV Group, Inc."
ZIM,ZIM Integrated Shipping Services Ltd.
CC,The Chemours Company
CPRI,Capri Holdings Limited
FSM,Fortuna Mining Corp.
DHT,"DHT Holdings, Inc."
BKE,"The Buckle, Inc."
HE,"Hawaiian Electric Industries, Inc."
KWR,Quaker Chemical Corporation
DNOW,DNOW Inc.
INSW,"International Seaways, Inc."
RAMP,"LiveRamp Holdings, Inc."
CNMD,CONMED Corporation
SOC,Sable Offshore Corp.
AESI,Atlas Energy Solutions Inc.
SHO,"Sunstone Hotel Investors, Inc."
NTB,The Bank of N.T. Butterfield & Son Limited
NWN,Northwest Natural Holding Company
AGL,"agilon health, inc."
DBD,"Diebold Nixdorf, Incorporated"
GLP,Global Partners LP
HMN,Horace Mann Educators Corporation
HBI,Hanesbrands Inc.
LZB,La-Z-Boy Incorporated
GNL,"Global Net Lease, Inc."
DBRG,"DigitalBridge Group, Inc."
SPB,"Spectrum Brands Holdings, Inc."
MSDL,Morgan Stanley Direct Lending Fund
MTX,Minerals Technologies Inc.
EVT,Eaton Vance Tax-Advantaged Dividend Income Fund
GEL,"Genesis Energy, L.P."
PHIN,PHINIA Inc.
SVV,"Savers Value Village, Inc."
CCS,"Century Communities, Inc."
MTRN,Materion Corporation
AMR,"Alpha Metallurgical Resources, Inc."
IHS,IHS Holding Limited
UTZ,"Utz Brands, Inc."
PBI,Pitney Bowes Inc.
BTU,Peabody Energy Corporation
CTRI,"Centuri Holdings, Inc."
ARCO,Arcos Dorados Holdings Inc.
VRE,"Veris Residential, Inc."
DESP,"Despegar.com, Corp."
UTI,"Universal Technical Institute, Inc."
CEPU,Central Puerto S.A.
GRDN,"Guardian Pharmacy Services, Inc."
FCF,First Commonwealth Financial Corporation
MSGE,Madison Square Garden Entertainment Corp.
CUBI,"Customers Bancorp, Inc."
UNFI,"United Natural Foods, Inc."
LTC,"LTC Properties, Inc."
CSTM,Constellium SE
FDP,Fresh Del Monte Produce Inc.
HCI,"HCI Group, Inc."
KEN,Kenon Holdings Ltd.
MNR,Mach Natural Resources LP
TNK,Teekay Tankers Ltd.
MBC,"MasterBrand, Inc."
DRH,DiamondRock Hospitality Company
PRM,"Perimeter Solutions, Inc."
KLC,"KinderCare Learning Companies, Inc."
IIPR,"Innovative Industrial Properties, Inc."
BWLP,BW LPG Limited
VVX,"V2X, Inc."
VSCO,Victoria's Secret & Co.
GTY,Getty Realty Corp.
PACS,"PACS Group, Inc."
KMT,Kennametal Inc.
SEI,"Solaris Energy Infrastructure, Inc."
DAC,Danaos Corporation
SEMR,"Semrush Holdings, Inc."
BKV,BKV Corporation
KLG,WK Kellogg Co
ARIS,"Aris Water Solutions, Inc."
BAK,Braskem S.A.
PHR,"Phreesia, Inc."
EPC,Edgewell Personal Care Company
UMH,"UMH Properties, Inc."
AAT,"American Assets Trust, Inc."
WKC,World Kinect Corporation
HI,"Hillenbrand, Inc."
CWH,"Camping World Holdings, Inc."
LNN,Lindsay Corporation
IBTA,"Ibotta, Inc."
BLX,"Banco Latinoamericano de Comercio Exterior, S. A."
SILA,"Sila Realty Trust, Inc."
UVV,Universal Corporation
DFIN,"Donnelley Financial Solutions, Inc."
SDRL,Seadrill Limited
LSPD,Lightspeed Commerce Inc.
KN,Knowles Corporation
BTX,BlackRock Innovation and Growth Term Trust
DOLE,Dole plc
ELME,Elme Communities
COUR,"Coursera, Inc."
NBHC,National Bank Holdings Corporation
TUYA,Tuya Inc.
RVLV,"Revolve Group, Inc."
PD,"PagerDuty, Inc."
GBX,"The Greenbrier Companies, Inc."
BV,"BrightView Holdings, Inc."
LUCK,Lucky Strike Entertainment Corporation
NABL,"N-able, Inc."
BOW,Bowhead Specialty Holdings Inc.
NRP,Natural Resource Partners L.P.
DSL,DoubleLine Income Solutions Fund
TNC,Tennant Company
EDN,Empresa Distribuidora y Comercializadora Norte Sociedad Anónima
CGAU,Centerra Gold Inc.
STEL,"Stellar Bancorp, Inc."
WS,"Worthington Steel, Inc."
LADR,Ladder Capital Corp
BKD,Brookdale Senior Living Inc.
CODI,Compass Diversified
SII,Sprott Inc.
ERO,Ero Copper Corp.
JBGS,JBG SMITH Properties
ARR,"ARMOUR Residential REIT, Inc."
NTST,NETSTREIT Corp.
IDT,IDT Corporation
KRP,"Kimbell Royalty Partners, LP"
SPH,"Suburban Propane Partners, L.P."
SUPV,Grupo Supervielle S.A.
LOMA,Loma Negra Compañía Industrial Argentina Sociedad Anónima
ARI,"Apollo Commercial Real Estate Finance, Inc."
WT,"WisdomTree, Inc."
IMAX,IMAX Corporation
PX,"P10, Inc."
NGVT,Ingevity Corporation
FLNG,FLEX LNG Ltd.
SKE,Skeena Resources Limited
DX,"Dynex Capital, Inc."
MLNK,"MeridianLink, Inc."
TALO,Talos Energy Inc.
LEG,"Leggett & Platt, Incorporated"
MODG,Topgolf Callaway Brands Corp.
BRDG,Bridge Investment Group Holdings Inc.
BTE,Baytex Energy Corp.
ALEX,"Alexander & Baldwin, Inc."
BHE,"Benchmark Electronics, Inc."
TDOC,"Teladoc Health, Inc."
XHR,"Xenia Hotels & Resorts, Inc."
LOB,"Live Oak Bancshares, Inc."
CRI,"Carter's, Inc."
AIV,Apartment Investment and Management Company
DRD,DRDGOLD Limited
EFC,Ellington Financial Inc.
GSBD,"Goldman Sachs BDC, Inc."
OLO,Olo Inc.
TWO,Two Harbors Investment Corp.
VYX,NCR Voyix Corporation
EVH,"Evolent Health, Inc."
CDRE,"Cadre Holdings, Inc."
SCL,Stepan Company
BY,"Byline Bancorp, Inc."
EVRI,Everi Holdings Inc.
TPC,Tutor Perini Corporation
SHCO,Soho House & Co Inc.
MMI,"Marcus & Millichap, Inc."
SA,Seabridge Gold Inc.
LC,LendingClub Corporation
ATEN,"A10 Networks, Inc."
BST,BlackRock Science and Technology Trust
THS,"TreeHouse Foods, Inc."
CTS,CTS Corporation
BHLB,"Berkshire Hills Bancorp, Inc."
ROG,Rogers Corporation
VSTS,Vestis Corporation
PRA,ProAssurance Corporation
EIG,"Employers Holdings, Inc."
WWW,"Wolverine World Wide, Inc."
FL,"Foot Locker, Inc."
ATUS,"Altice USA, Inc."
NGVC,"Natural Grocers by Vitamin Cottage, Inc."
SCS,Steelcase Inc.
TPB,"Turning Point Brands, Inc."
SAFE,Safehold Inc.
DAVA,Endava plc
BFS,"Saul Centers, Inc."
AMC,"AMC Entertainment Holdings, Inc."
CMRE,Costamare Inc.
CNNE,"Cannae Holdings, Inc."
KBDC,"Kayne Anderson BDC, Inc."
SFL,SFL Corporation Ltd.
VRTS,"Virtus Investment Partners, Inc."
PMT,PennyMac Mortgage Investment Trust
NMM,Navios Maritime Partners L.P.
MD,"Pediatrix Medical Group, Inc."
USPH,"U.S. Physical Therapy, Inc."
PGRE,"Paramount Group, Inc."
EVEX,"Eve Holding, Inc."
PRG,"PROG Holdings, Inc."
PEB,Pebblebrook Hotel Trust
YALA,Yalla Group Limited
ADNT,Adient plc
ALX,"Alexander's, Inc."
RLJ,RLJ Lodging Trust
ARLO,"Arlo Technologies, Inc."
INVX,"Innovex International, Inc."
CSR,Centerspace
RES,"RPC, Inc."
DAO,"Youdao, Inc."
PL,Planet Labs PBC
AAMI,Acadian Asset Management Inc.
MRC,MRC Global Inc.
JBI,"Janus International Group, Inc."
DEA,"Easterly Government Properties, Inc."
OBK,"Origin Bancorp, Inc."
WTTR,"Select Water Solutions, Inc."
IRS,IRSA Inversiones y Representaciones Sociedad Anónima
DEC,Diversified Energy Company PLC
MFA,"MFA Financial, Inc."
FOR,Forestar Group Inc.
SPHR,Sphere Entertainment Co.
AORT,"Artivion, Inc."
GIC,Global Industrial Company
BCSF,"Bain Capital Specialty Finance, Inc."
VTEX,VTEX
NXRT,"NexPoint Residential Trust, Inc."
HLX,"Helix Energy Solutions Group, Inc."
SDHC,Smith Douglas Homes Corp.
CIM,Chimera Investment Corporation
VET,Vermilion Energy Inc.
GRC,The Gorman-Rupp Company
CABO,"Cable One, Inc."
FVRR,Fiverr International Ltd.
TV,"Grupo Televisa, S.A.B."
RCUS,"Arcus Biosciences, Inc."
INR,"Infinity Natural Resources, Inc."
CTOS,"Custom Truck One Source, Inc."
XPRO,Expro Group Holdings N.V.
EXK,Endeavour Silver Corp.
LPG,Dorian LPG Ltd.
SBR,Sabine Royalty Trust
HLIO,"Helios Technologies, Inc."
UTL,Unitil Corporation
PRLB,"Proto Labs, Inc."
FBRT,"Franklin BSP Realty Trust, Inc."
THR,"Thermon Group Holdings, Inc."
WGO,"Winnebago Industries, Inc."
BBAI,"BigBear.ai Holdings, Inc."
JKS,"JinkoSolar Holding Co., Ltd."
PSFE,Paysafe Limited
KW,"Kennedy-Wilson Holdings, Inc."
BBDC,"Barings BDC, Inc."
ACEL,"Accel Entertainment, Inc."
RDW,Redwire Corporation
EEX,"Emerald Holding, Inc."
CAPL,CrossAmerica Partners LP
NVGS,Navigator Holdings Ltd.
ECC,Eagle Point Credit Company Inc.
SKYH,Sky Harbour Group Corporation
PFLT,PennantPark Floating Rate Capital Ltd.
AOD,Abrdn Total Dynamic Dividend Fund
DCO,Ducommun Incorporated
AGRO,Adecoagro S.A.
HUYA,HUYA Inc.
NCDL,Nuveen Churchill Direct Lending Corp.
SBSI,"Southside Bancshares, Inc."
TROX,Tronox Holdings plc
VTOL,Bristow Group Inc.
BLND,"Blend Labs, Inc."
DK,"Delek US Holdings, Inc."
FSLY,"Fastly, Inc."
UAN,"CVR Partners, LP"
OPFI,OppFi Inc.
PRSU,"Pursuit Attractions and Hospitality, Inc."
KRO,"Kronos Worldwide, Inc."
DQ,Daqo New Energy Corp.
EFXT,Enerflex Ltd.
NX,Quanex Building Products Corporation
SBH,"Sally Beauty Holdings, Inc."
PDM,"Piedmont Office Realty Trust, Inc."
NUVB,Nuvation Bio Inc.
GOTU,Gaotu Techedu Inc.
YEXT,"Yext, Inc."
WLKP,Westlake Chemical Partners LP
VTS,"Vitesse Energy, Inc."
FUBO,fuboTV Inc.
KSS,Kohl's Corporation
GETY,"Getty Images Holdings, Inc."
WEAV,"Weave Communications, Inc."
PARR,"Par Pacific Holdings, Inc."
GOOS,Canada Goose Holdings Inc.
GHLD,Guild Holdings Company
UP,Wheels Up Experience Inc.
RWT,"Redwood Trust, Inc."
FPH,"Five Point Holdings, LLC"
GSL,"Global Ship Lease, Inc."
ETWO,"E2open Parent Holdings, Inc."
KOS,Kosmos Energy Ltd.
PRO,"PROS Holdings, Inc."
ECVT,Ecovyst Inc.
OXM,"Oxford Industries, Inc."
CINT,CI&T Inc.
AMN,"AMN Healthcare Services, Inc."
SXC,"SunCoke Energy, Inc."
AC,"Associated Capital Group, Inc."
RC,Ready Capital Corporation
ECO,Okeanis Eco Tankers Corp.
CARS,Cars.com Inc.
HLF,Herbalife Ltd.
RSKD,Riskified Ltd.
CBL,"CBL & Associates Properties, Inc."
XIFR,"XPLR Infrastructure, LP"
ORC,"Orchid Island Capital, Inc."
ETD,Ethan Allen Interiors Inc.
NEXA,Nexa Resources S.A.
MTAL,MAC Copper Limited
CPF,Central Pacific Financial Corp.
AMTB,Amerant Bancorp Inc.
FIGS,"FIGS, Inc."
BH,Biglari Holdings Inc.
BH.A,Biglari Holdings Inc.
UVE,"Universal Insurance Holdings, Inc."
MSIF,"MSC Income Fund, Inc."
HY,"Hyster-Yale, Inc."
BDN,Brandywine Realty Trust
AHH,"Armada Hoffler Properties, Inc."
AACT,Ares Acquisition Corporation II
PLYM,"Plymouth Industrial REIT, Inc."
TIXT,TELUS International (Cda) Inc.
TXO,"TXO Partners, L.P."
EQBK,"Equity Bancshares, Inc."
MCB,Metropolitan Bank Holding Corp.
OEC,Orion S.A.
IIIN,"Insteel Industries, Inc."
DLX,Deluxe Corporation
TYG,Tortoise Energy Infrastructure Corporation
BRSP,"BrightSpire Capital, Inc."
KFRC,Kforce Inc.
NPKI,NPK International Inc.
REX,REX American Resources Corporation
MAX,"MediaAlpha, Inc."
RYI,Ryerson Holding Corporation
WOLF,"Wolfspeed, Inc."
TK,Teekay Corporation Ltd.
WSR,Whitestone REIT
GRNT,"Granite Ridge Resources, Inc."
OPY,Oppenheimer Holdings Inc.
HKD,AMTD Digital Inc.
BZH,"Beazer Homes USA, Inc."
LAC,Lithium Americas Corp.
ODC,Oil-Dri Corporation of America
LUXE,MYT Netherlands Parent B.V.
SMWB,Similarweb Ltd.
CSV,"Carriage Services, Inc."
SITC,SITE Centers Corp.
OMI,"Owens & Minor, Inc."
KREF,KKR Real Estate Finance Trust Inc.
NOAH,Noah Holdings Limited
HTB,"HomeTrust Bancshares, Inc."
SMP,"Standard Motor Products, Inc."
CYD,China Yuchai International Limited
AMRC,"Ameresco, Inc."
NPK,"National Presto Industries, Inc."
VEL,"Velocity Financial, Inc."
TRTX,"TPG RE Finance Trust, Inc."
CURV,Torrid Holdings Inc.
HIPO,Hippo Holdings Inc.
SSTK,"Shutterstock, Inc."
ASIX,AdvanSix Inc.
CTO,"CTO Realty Growth, Inc."
HRTG,"Heritage Insurance Holdings, Inc."
HOV,"Hovnanian Enterprises, Inc."
GNK,Genco Shipping & Trading Limited
PDS,Precision Drilling Corporation
CLB,Core Laboratories Inc.
GES,"Guess?, Inc."
KIND,"Nextdoor Holdings, Inc."
CMP,"Compass Minerals International, Inc."
PLOW,"Douglas Dynamics, Inc."
NVRI,Enviri Corporation
DDL,Dingdong (Cayman) Limited
NAT,Nordic American Tankers Limited
RGR,"Sturm, Ruger & Company, Inc."
USNA,"USANA Health Sciences, Inc."
AVNS,"Avanos Medical, Inc."
ASA,ASA Gold and Precious Metals Limited
CVLG,"Covenant Logistics Group, Inc."
PUMP,ProPetro Holding Corp.
MTUS,Metallus Inc.
RERE,ATRenew Inc.
YRD,Yiren Digital Ltd.
CRD.B,Crawford & Company
ZIP,"ZipRecruiter, Inc."
TEN,Tsakos Energy Navigation Limited
BXC,BlueLinx Holdings Inc.
CCO,"Clear Channel Outdoor Holdings, Inc."
CRD.A,Crawford & Company
MAGN,Magnera Corporation
UHT,Universal Health Realty Income Trust
BFLY,"Butterfly Network, Inc."
MEG,"Montrose Environmental Group, Inc."
GMRE,Global Medical REIT Inc.
CAL,"Caleres, Inc."
INN,"Summit Hotel Properties, Inc."
MSC,Studio City International Holdings Limited
XYF,X Financial
OLP,"One Liberty Properties, Inc."
SMBK,"SmartFinancial, Inc."
CION,CION Investment Corporation
MCS,The Marcus Corporation
AUNA,Auna S.A.
KOP,Koppers Holdings Inc.
AXL,"American Axle & Manufacturing Holdings, Inc."
BGS,"B&G Foods, Inc."
VTLE,"Vital Energy, Inc."
KODK,Eastman Kodak Company
VHI,"Valhi, Inc."
BRCC,BRC Inc.
AGS,"PlayAGS, Inc."
CPAC,Cementos Pacasmayo S.A.A.
JELD,"JELD-WEN Holding, Inc."
NPB,"Northpointe Bancshares, Inc."
HZO,"MarineMax, Inc."
FPI,Farmland Partners Inc.
BOC,Boston Omaha Corporation
MLR,"Miller Industries, Inc."
IVR,Invesco Mortgage Capital Inc.
BBW,"Build-A-Bear Workshop, Inc."
WDH,Waterdrop Inc.
LXU,"LSB Industries, Inc."
EBF,"Ennis, Inc."
NOA,North American Construction Group Ltd.
QD,Qudian Inc.
PBT,Permian Basin Royalty Trust
TRC,Tejon Ranch Co.
CHCT,Community Healthcare Trust Incorporated
EQV,EQV Ventures Acquisition Corp.
ASPN,"Aspen Aerogels, Inc."
VLRS,"Controladora Vuela Compañía de Aviación, S.A.B. de C.V."
AAM,AA Mission Acquisition Corp.
GNTY,"Guaranty Bancshares, Inc."
GCI,"Gannett Co., Inc."
GDOT,Green Dot Corporation
TWI,"Titan International, Inc."
NLOP,Net Lease Office Properties
SLQT,"SelectQuote, Inc."
ZKH,ZKH Group Limited
MYE,"Myers Industries, Inc."
NL,"NL Industries, Inc."
SNDA,"Sonida Senior Living, Inc."
NBR,Nabors Industries Ltd.
CLW,Clearwater Paper Corporation
HOUS,Anywhere Real Estate Inc.
IPI,"Intrepid Potash, Inc."
PSBD,Palmer Square Capital BDC Inc.
PNNT,PennantPark Investment Corporation
SGU,"Star Group, L.P."
NGL,NGL Energy Partners LP
PKST,Peakstone Realty Trust
AMBC,"Ambac Financial Group, Inc."
CANG,Cango Inc.
GTN.A,"Gray Media, Inc."
XPOF,"Xponential Fitness, Inc."
CPS,Cooper-Standard Holdings Inc.
GNE,Genie Energy Ltd.
MUX,McEwen Mining Inc.
EHAB,"Enhabit, Inc."
GBLI,"Global Indemnity Group, LLC"
ASC,Ardmore Shipping Corporation
TRAK,"ReposiTrak, Inc."
NPWR,NET Power Inc.
GTN,"Gray Media, Inc."
BORR,Borr Drilling Limited
SPMC,"Sound Point Meridian Capital, Inc."
PSTL,"Postal Realty Trust, Inc."
CYH,"Community Health Systems, Inc."
YSG,Yatsen Holding Limited
DNA,"Ginkgo Bioworks Holdings, Inc."
WOW,"WideOpenWest, Inc."
LDI,"loanDepot, Inc."
PACK,Ranpak Holdings Corp.
LND,BrasilAgro - Companhia Brasileira de Propriedades Agrícolas
SCM,Stellus Capital Investment Corporation
SB,"Safe Bulkers, Inc."
MSB,Mesabi Trust
CMTG,"Claros Mortgage Trust, Inc."
SAR,Saratoga Investment Corp.
GHM,Graham Corporation
TTI,"TETRA Technologies, Inc."
CTEV,Claritev Corporation
CLDT,Chatham Lodging Trust
EVTL,Vertical Aerospace Ltd.
BNED,"Barnes & Noble Education, Inc."
FVR,"FrontView REIT, Inc."
OOMA,"Ooma, Inc."
BWMX,"Betterware de México, S.A.P.I. de C.V."
EGY,"VAALCO Energy, Inc."
WNC,Wabash National Corporation
HPP,"Hudson Pacific Properties, Inc."
GPRK,GeoPark Limited
UIS,Unisys Corporation
ZH,Zhihu Inc.
SD,"SandRidge Energy, Inc."
VPG,"Vishay Precision Group, Inc."
LAR,Lithium Argentina AG
HFRO,Highland Funds I - Highland Opportunities and Income Fund
SOUL,Soulpower Acquisition Corporation
SMC,Summit Midstream Corporation
CLCO,Cool Company Ltd.
LVWR,"LiveWire Group, Inc."
HYAC,Haymaker Acquisition Corp. 4
NREF,"NexPoint Real Estate Finance, Inc."
HVT.A,"Haverty Furniture Companies, Inc."
XPER,Xperi Inc.
GFR,Greenfire Resources Ltd.
BRT,BRT Apartments Corp.
DIN,"Dine Brands Global, Inc."
MOV,"Movado Group, Inc."
HVT,"Haverty Furniture Companies, Inc."
ACCO,ACCO Brands Corporation
EIC,Eagle Point Income Company Inc.
JMIA,Jumia Technologies AG
ONIT,Onity Group Inc.
MTW,"The Manitowoc Company, Inc."
EICC,Eagle Point Income Company Inc.
NUS,"Nu Skin Enterprises, Inc."
NRDY,"Nerdy, Inc."
JACS,Jackson Acquisition Company II
TBN,Tamboran Resources Corporation
MG,"Mistras Group, Inc."
SES,SES AI Corporation
VLN,Valens Semiconductor Ltd.
LXFR,Luxfer Holdings PLC
MPX,Marine Products Corporation
SJT,San Juan Basin Royalty Trust
MLP,"Maui Land & Pineapple Company, Inc."
RAC,Rithm Acquisition Corp.
RYAM,Rayonier Advanced Materials Inc.
LZM,Lifezone Metals Limited
ORN,"Orion Group Holdings, Inc."
MATV,"Mativ Holdings, Inc."
SPIR,"Spire Global, Inc."
CBAN,"Colony Bankcorp, Inc."
GHI,Greystone Housing Impact Investors LP
BKSY,BlackSky Technology Inc.
FC,Franklin Covey Co.
MEC,"Mayville Engineering Company, Inc."
EBS,Emergent BioSolutions Inc.
TG,Tredegar Corporation
RNGR,"Ranger Energy Services, Inc."
CHPT,"ChargePoint Holdings, Inc."
QUAD,"Quad/Graphics, Inc."
AMPX,"Amprius Technologies, Inc."
RM,Regional Management Corp.
DDD,3D Systems Corporation
OIS,"Oil States International, Inc."
PKE,Park Aerospace Corp.
SBXD,SilverBox Corp IV
RMAX,"RE/MAX Holdings, Inc."
HLLY,Holley Inc.
CLBR,Colombier Acquisition Corp. II
CVEO,Civeo Corporation
NC,"NACCO Industries, Inc."
TCI,"Transcontinental Realty Investors, Inc."
HSHP,Himalaya Shipping Ltd.
NMG,Nouveau Monde Graphite Inc.
OCFT,"OneConnect Financial Technology Co., Ltd."
LANV,Lanvin Group Holdings Limited
NGS,"Natural Gas Services Group, Inc."
MBI,MBIA Inc.
KFS,Kingsway Financial Services Inc.
TPVG,TriplePoint Venture Growth BDC Corp.
PINE,"Alpine Income Property Trust, Inc."
MEI,"Methode Electronics, Inc."
JILL,"J.Jill, Inc."
AOMR,"Angel Oak Mortgage REIT, Inc."
KNOP,KNOT Offshore Partners LP
ACRE,Ares Commercial Real Estate Corporation
GCO,Genesco Inc.
LAW,"CS Disco, Inc."
BYON,"Beyond, Inc."
ODV,Osisko Development Corp.
FOA,Finance of America Companies Inc.
FTK,"Flotek Industries, Inc."
CIA,"Citizens, Inc."
GHG,GreenTree Hospitality Group Ltd.
EB,"Eventbrite, Inc."
COPL,Copley Acquisition Corp
TE,T1 Energy Inc.
ARL,"American Realty Investors, Inc."
CIO,"City Office REIT, Inc."
ONTF,"ON24, Inc."
EARN,Ellington Credit Company
BARK,"BARK, Inc."
MITT,"AG Mortgage Investment Trust, Inc."
HBB,Hamilton Beach Brands Holding Company
PERF,Perfect Corp.
COOK,"Traeger, Inc."
SMRT,"SmartRent, Inc."
FET,"Forum Energy Technologies, Inc."
FF,FutureFuel Corp.
EVC,Entravision Communications Corporation
MDV,"Modiv Industrial, Inc."
WTI,"W&T Offshore, Inc."
SRG,Seritage Growth Properties
FRGE,"Forge Global Holdings, Inc."
CLPR,Clipper Realty Inc.
SKIL,Skillsoft Corp.
CBNA,"Chain Bridge Bancorp, Inc."
DSX,Diana Shipping Inc.
ALTG,Alta Equipment Group Inc.
DOUG,Douglas Elliman Inc.
ZVIA,Zevia PBC
EAF,GrafTech International Ltd.
TSE,Trinseo PLC
BHR,Braemar Hotels & Resorts Inc.
CCRD,CoreCard Corporation
PHX,PHX Minerals Inc.
WHG,"Westwood Holdings Group, Inc."
DBI,Designer Brands Inc.
ADCT,ADC Therapeutics SA
MED,"Medifast, Inc."
LFT,"Lument Finance Trust, Inc."
ACR,ACRES Commercial Realty Corp.
SMHI,SEACOR Marine Holdings Inc.
RPT,Rithm Property Trust Inc.
DLNG,Dynagas LNG Partners LP
BKKT,"Bakkt Holdings, Inc."
TBI,"TrueBlue, Inc."
AVD,American Vanguard Corporation
SPCE,"Virgin Galactic Holdings, Inc."
AXR,AMREP Corporation
AZUL,Azul S.A.
IH,iHuman Inc.
SRI,"Stoneridge, Inc."
SRL,Scully Royalty Ltd.
AMWL,American Well Corporation
MX,Magnachip Semiconductor Corporation
ONL,Orion Properties Inc.
CMCM,Cheetah Mobile Inc.
TSQ,"Townsquare Media, Inc."
AMPY,Amplify Energy Corp.
NRGV,"Energy Vault Holdings, Inc."
CHMI,Cherry Hill Mortgage Investment Corporation
WBX,Wallbox N.V.
NOTE,"FiscalNote Holdings, Inc."
TISI,"Team, Inc."
GPMT,Granite Point Mortgage Trust Inc.
SKLZ,Skillz Inc.
UFI,"Unifi, Inc."
VATE,INNOVATE Corp.
STEM,"Stem, Inc."
AKA,a.k.a. Brands Holding Corp.
CHGG,"Chegg, Inc."
PSQH,"PSQ Holdings, Inc."
SUP,"Superior Industries International, Inc."
SOL,Emeren Group Ltd
STG,Sunlands Technology Group
GCTS,"GCT Semiconductor Holding, Inc."
AMTD,AMTD IDEA Group
DHX,"DHI Group, Inc."
OWLT,"Owlet, Inc."
ANRO,"Alto Neuroscience, Inc."
CRT,Cross Timbers Royalty Trust
NEUE,"NeueHealth, Inc."
CNF,CNFinance Holdings Limited
GROV,"Grove Collaborative Holdings, Inc."
CULP,"Culp, Inc."
RBOT,Vicarious Surgical Inc.
SQNS,Sequans Communications S.A.
VOC,VOC Energy Trust
BEDU,Bright Scholar Education Holdings Limited
PVL,Permianville Royalty Trust
PRT,PermRock Royalty Trust
SRFM,Surf Air Mobility Inc.
BW,"Babcock & Wilcox Enterprises, Inc."
AP,Ampco-Pittsburgh Corporation
NTZ,Natuzzi S.p.A.
NRT,North European Oil Royalty Trust
TLYS,"Tilly's, Inc."
KORE,"KORE Group Holdings, Inc."
SST,"System1, Inc."
CATO,The Cato Corporation
SPRU,Spruce Power Holding Corporation
ZEPP,Zepp Health Corporation
AHT,"Ashford Hospitality Trust, Inc."
BGSF,"BGSF, Inc."
RFL,"Rafael Holdings, Inc."
VHC,VirnetX Holding Corporation
NINE,"Nine Energy Service, Inc."
KUKE,Kuke Music Holding Limited
ANVS,"Annovis Bio, Inc."
CCM,Concord Medical Services Holdings Limited
OPAD,Offerpad Solutions Inc.
NYC,American Strategic Investment Co.
BTCM,BIT Mining Limited
BODI,"The Beachbody Company, Inc."
NOVA,Sunnova Energy International Inc.
LOCL,Local Bounti Corporation
VNCE,Vince Holding Corp.
FENG,Phoenix New Media Limited
GWH,"ESS Tech, Inc."
LITB,"LightInTheBox Holding Co., Ltd."
CRNG,"CorEnergy Infrastructure Trust, Inc."
MOGU,MOGU Inc.
FEDU,Four Seasons Education (Cayman) Inc.
XIN,"Xinyuan Real Estate Co., Ltd."
ENFY,Enlightify Inc.
ALUR,Allurion Technologies Inc.
EQS,"Equus Total Return, Inc."
BPT,BP Prudhoe Bay Royalty Trust
SOS,SOS Limited
MTR,Mesa Royalty Trust
